ID,Overspeed,Highspeedbrake,Harshacceleration,Harshdeceleration,Distance,Fuel,Brakes,Speed,Range,RPM,Accelerator pedal position,Engine fuel rate,Days,Trips,TripperDay,DistanceperTrip,TripsinDay,DistanceinDay,TripsinNight,DistanceinNight,TripsinWeekdays,DistanceinWeekdays,TripsinWeekends,DistanceinWeekends,Trips<15m,15m<Trips<30m,30m<Trips<1h,1h<Trips<2h,Trips>2h
10019419489,164,68,400,825,2955.3,1221.34,3839,28.11814982,1.24912269,941.9834478,21.09369971,11.68091266,6,35,5.833333333,84.43714286,17,875.8,18,2079.5,24,1819.2,11,1136.1,7,3,1,7,17
10019436951,0,5,85,142,3303,1139.43,1548,39.28150912,15.26370196,828.7089135,15.01072759,13.67787556,6,40,6.666666667,82.575,33,1411.8,7,1891.2,28,1489.3,12,1813.7,19,6,4,3,8
10019436955,0,0,44,22,314.5,46.69,185,11.7268681,2.270932543,232.9704566,0.899552372,1.867300806,1,4,4,78.625,2,2.3,2,312.2,4,314.5,0,0,2,0,0,0,2
10019437011,0,0,80,47,340.8,52.01,328,16.03168196,2.551178179,317.9456827,0.186926391,2.807791721,1,8,8,42.6,5,141.5,3,199.3,3,53.6,5,287.2,4,1,0,1,2
10020436612,0,1,243,415,3440.7,1191.57,4365,35.9934216,13.99028042,1034.72256,17.87232,12.351596,6,48,8,71.68125,32,1619.6,16,1821.1,30,2714.1,18,726.6,13,3,7,10,15
10020437647,35,22,158,127,696.5,279.16,412,31.10424234,2.499647184,751.0211986,18.04040827,12.21575504,4,20,5,34.825,19,400.5,1,296,12,610.6,8,85.9,13,1,2,2,2
10020438503,11,29,52,117,749.2,294.02,472,28.91200318,2.500006422,683.7266473,15.13098703,10.51353533,5,39,7.8,19.21025641,30,736.3,9,12.9,31,645.9,8,103.3,25,5,4,3,2
10020439582,1,2,12,66,745.6,259.9,582,26.76692574,2.499786379,611.5200809,13.4934412,9.162164114,4,34,8.5,21.92941176,32,740,2,5.6,27,642.5,7,103.1,19,6,4,3,2
10020439692,29,42,177,227,1351.1,539.81,1117,31.96334913,7.298905715,869.4237318,21.23608917,14.30099175,5,37,7.4,36.51621622,30,1165.2,7,185.9,28,728.6,9,622.5,17,4,8,3,5
10020442466,18,26,229,361,3059.6,1373.58,2691,39.64384905,11.27984977,963.3282282,28.54680851,17.54868397,6,47,7.833333333,65.09787234,24,1051.9,23,2007.7,31,2393.5,16,666.1,18,3,6,5,15
10020442627,19,29,87,396,3156.3,1349.59,2557,40.06561741,11.46493675,918.0836914,22.44132262,15.62658322,6,71,11.83333333,44.45492958,49,2094.7,22,1061.6,51,2316,20,840.3,37,5,11,5,13
10020442686,142,92,156,397,3156,1253.28,2172,47.54589104,12.82338674,960.4320599,27.73874539,17.9595344,6,44,7.333333333,71.72727273,32,2295.6,12,860.4,32,2410.1,12,745.9,18,5,5,3,13
10020443234,19,42,161,388,3167.5,1374.49,2967,40.60841538,11.46483043,931.8866063,25.31428054,15.98164253,6,73,12.16666667,43.39041096,46,2102.5,27,1065,52,2323.1,21,844.4,31,11,10,8,13
10020443365,54,396,442,466,6221,1924.55,5939,57.02883918,21.86736167,1042.457468,29.00763541,17.25074565,6,38,6.333333333,163.7105263,21,2380.3,17,3840.7,24,4488.6,14,1732.4,8,4,7,3,16
10020443429,188,209,225,194,2317.2,900.51,2006,47.36804786,10.3867163,965.5500065,26.44437508,16.43490051,5,20,4,115.86,14,1134.1,6,1183.1,19,2317.1,1,0.1,3,4,2,2,9
10020443580,0,0,48,869,1788.3,570.66,3275,23.53880242,5.860672998,726.1420909,10.28777063,6.939252974,6,81,13.5,22.07777778,60,926.4,21,861.9,45,1222.1,36,566.2,46,10,7,11,7
10020443613,0,7,145,403,2072.6,639.93,3121,38.77983674,7.853876088,868.9894712,13.99692417,9.858210103,6,54,9,38.38148148,45,1436.3,9,636.3,35,1143.8,19,928.8,28,5,6,8,7
10020443638,1,41,61,84,1392.5,408.27,2565,28.47258107,8.86157155,724.1473026,10.81483205,7.603010033,6,25,4.166666667,55.7,17,310.3,8,1082.2,14,1241.1,11,151.4,9,2,3,2,9
10020443665,28,47,431,951,1710.6,774.36,3933,30.3759984,0.913577354,824.0189199,19.67344111,10.94547433,6,25,4.166666667,68.424,12,1146.9,13,563.7,21,1365.9,4,344.7,3,6,5,2,9
10020443668,0,1,341,594,1956.9,955.15,3123,26.33036025,0.731273914,878.6715656,20.45724527,12.11903396,5,102,20.4,19.18529412,70,1157.4,32,799.5,63,1373.5,39,583.4,59,8,7,21,7
10020443670,0,1,46,340,882.5,316.44,871,24.46909486,1.888741875,715.6826575,11.29855177,7.200398262,5,34,6.8,25.95588235,27,394.1,7,488.4,30,794.2,4,88.3,14,5,7,3,5
10020443871,6,40,848,1694,2467.6,1191.85,6438,29.17539012,0.91963721,859.3329127,21.8168244,10.81782597,6,32,5.333333333,77.1125,12,619.7,20,1847.9,20,1654.1,12,813.5,4,3,3,8,14
10020444142,408,209,230,264,2467.5,821.32,7277,43.88522868,8.575480808,926.5478799,22.80728919,14.62592901,6,63,10.5,39.16666667,44,1122.2,19,1345.3,44,2191.5,19,276,39,4,9,3,8
10020444208,25,0,98,112,1116.6,360.08,0,32.20465799,6.747918945,692.9183802,17.64834243,11.01420478,4,27,6.75,41.35555556,18,613,9,503.6,15,368.5,12,748.1,13,3,5,3,3
10020444209,0,0,144,188,2399.2,696.69,613,31.20336545,5.995718524,809.9248038,12.19803318,8.972817125,6,73,12.16666667,32.86575342,54,1067.6,19,1331.6,46,1826.3,27,572.9,40,5,10,8,10
10020444473,0,0,105,322,1957.1,587.67,4455,32.17240936,6.704717536,765.4586885,13.61818388,9.169473804,6,47,7.833333333,41.64042553,37,1095.9,10,861.2,35,1695.8,12,261.3,17,10,8,4,8
10020444636,6,17,167,320,1721.8,641.83,3854,29.55235437,3.103327846,804.3790049,16.38237864,10.78712379,6,53,8.833333333,32.48679245,44,614,9,1107.8,31,1155,22,566.8,29,0,10,8,6
10020445034,0,0,47,678,1681.9,599.86,2689,27.00039749,2.043963384,741.1507157,16.03965456,8.891020939,6,69,11.5,24.37536232,63,1526.1,6,155.8,44,1100.4,25,581.5,41,9,7,7,5
10020445238,0,0,43,46,152.7,41.7,388,9.344804829,0.494282605,412.7183099,3.886197183,2.683822938,6,29,4.833333333,5.265517241,29,152.7,0,0,25,152.1,4,0.6,19,5,3,2,0
10020445261,57,28,234,533,1872.3,638.54,3550,32.17608456,3.614985087,850.3847328,14.73813271,10.86100998,6,50,8.333333333,37.446,41,347.4,9,1524.9,34,1053.9,16,818.4,30,4,4,7,5
10020445409,0,0,44,431,1123.3,334.04,1375,23.80373548,10.53235847,691.0439602,12.33225758,6.706824008,5,59,11.8,19.03898305,55,766.2,4,357.1,48,1014.5,11,108.8,38,7,3,6,5
10020445514,171,55,215,240,3329.7,967.04,2988,40.58270639,5.166526523,961.8316756,20.9437743,12.11338729,6,71,11.83333333,46.8971831,51,817.6,20,2512.1,50,2006.7,21,1323,25,8,15,14,9
10020445602,1,1,67,559,1561.4,402.54,3040,27.76817065,5.478826956,704.0921784,12.14510666,6.728862314,6,48,8,32.52916667,44,545,4,1016.4,17,257.4,31,1304,24,8,8,4,4
10020445606,0,0,15,88,402.4,122.52,1188,14.46261948,2.405481646,392.5365539,5.055851201,3.808473263,6,42,7,9.580952381,37,51.1,5,351.3,27,387,15,15.4,36,5,0,0,1
10020447429,9,10,269,160,1126.1,347.27,2117,27.84708302,4.573535012,806.6804279,13.69335543,8.765918337,5,49,9.8,22.98163265,41,720.1,8,406,36,838.4,13,287.7,23,7,7,9,3
10021048785,10,37,360,756,3962.4,1328.11,9243,35.00120172,4.078318042,987.6846444,16.78174753,11.06551755,6,64,10.66666667,61.9125,42,2081.3,22,1881.1,39,2750.1,25,1212.3,17,8,6,12,21
10021049637,4,14,237,384,3072.7,1206.99,4162,36.66169822,7.220832099,1028.171657,22.87039786,14.67153224,6,73,12.16666667,42.09178082,45,484.6,28,2588.1,44,1639.6,29,1433.1,43,12,4,4,10
14705559598,0,4,148,210,1683.1,281.96,1729,39.04270833,1.161516884,833.5438368,16.26256944,7.025329861,6,39,6.5,43.15641026,9,19.5,30,1663.6,23,934.2,16,748.9,21,6,2,0,10
14705561663,0,2,90,112,2454.5,429.39,844,48.35336211,1.811994837,856.734782,17.39175473,8.268157464,6,42,7,58.44047619,16,1122.6,26,1331.9,25,1318,17,1136.5,29,1,0,1,11
14705561825,0,0,3,2,40.6,10.68,26,3.058682635,0.132771471,279.8197605,0.764550898,0.923532934,2,6,3,6.766666667,5,40.6,1,0,6,40.6,0,0,1,2,1,2,0
14705562756,0,0,12,108,1763.7,279.89,844,38.01077822,1.194538174,757.3771465,10.91552795,6.346784801,6,35,5.833333333,50.39142857,18,14.3,17,1749.4,22,981.4,13,782.3,17,6,1,1,10
14705563154,0,24,58,163,5034.9,1304.66,1178,62.22392701,5.844320964,900.9630865,6.809092805,16.36242961,6,33,5.5,152.5727273,22,2742.1,11,2292.8,19,3359.3,14,1675.6,22,4,0,0,7
14705563672,8,7,46,19,2189.4,404.97,967,38.89020371,2.500997065,856.5441881,5.852786099,7.659331935,6,67,11.16666667,32.67761194,41,17.7,26,2171.7,43,1192.2,24,997.2,39,12,3,4,9
14705563673,0,0,1,5,73.4,16.03,77,3.915823367,0.530798757,379.6085557,1.19024839,1.047861086,5,14,2.8,5.242857143,12,73.3,2,0.1,9,6.2,5,67.2,10,1,0,1,2
14705563684,43,11,66,128,1076.7,239.74,2684,25.53390957,1.220374858,746.700881,12.20086436,5.250149601,5,56,11.2,19.22678571,27,339.5,29,737.2,38,844.9,18,231.8,17,12,11,14,2
14705563691,1,2,19,58,1661.3,320.59,2013,35.95669725,1.250435813,826.837156,17.47787156,7.332669725,5,42,8.4,39.5547619,13,154.4,29,1506.9,27,754.9,15,906.4,24,5,0,5,8
14705563811,0,0,7,82,1811.7,354.87,1394,22.65385761,6.120514427,811.7056896,15.09776586,6.706531129,6,51,8.5,35.52352941,24,26.3,27,1785.4,36,1075.6,15,736.1,25,7,6,4,9
14706461756,0,2,17,30,1332.4,,1620,33.60486743,3.278755173,651.4683419,17.4638702,7.266897507,6,20,3.333333333,66.62,10,454.2,10,878.2,18,1037.9,2,294.5,12,1,2,0,5
14710503627,5,38,53,84,2231.8,396.25,904,45.76061316,2.52094472,885.5377202,21.02512463,8.305250914,6,39,6.5,57.22564103,23,35.7,16,2196.1,23,1325.5,16,906.3,19,6,4,0,10
14710503662,0,1,8,25,1368.4,234.7,707,31.56542056,1.20190213,700.0126981,14.10255993,5.967594474,6,52,8.666666667,26.31538462,17,3.4,35,1365,36,757.1,16,611.3,33,5,4,1,9
14710503728,0,2,21,41,932.9,165.65,756,24.99212598,1.410875115,665.2549213,11.20367454,4.818318023,6,56,9.333333333,16.65892857,19,6.4,37,926.5,42,547.2,14,385.7,39,5,1,9,2
14710509797,6,69,212,493,5180,,882,66.96127347,10.25560059,948.0066939,17.68176327,15.86707755,5,24,4.8,215.8333333,17,434.2,7,4745.8,15,3098.4,9,2081.6,12,4,0,0,8
14806280523,48,62,72,118,2427.8,892.41,686,52.05503951,11.55214676,831.4594976,16.70889077,15.44941434,5,22,4.4,110.3545455,12,976.2,10,1451.6,18,1772.1,4,655.7,5,1,3,7,6
14806280702,18,31,96,161,3099.9,990.81,541,54.39727044,7.666966561,889.5773155,18.13716709,15.97793163,6,23,3.833333333,134.7782609,13,1444.3,10,1655.6,18,2086.8,5,1013.1,6,5,5,1,6
14806280834,124,153,139,195,2832,1093.43,782,50.59732341,10.15960908,919.5037546,19.08382334,16.67864325,6,22,3.666666667,128.7272727,19,2090.5,3,741.5,13,1200.2,9,1631.8,9,6,2,0,5
14806280837,76,248,201,199,3419.7,1292.33,1516,49.56921066,8.194346851,954.289993,19.39300811,16.74489632,5,26,5.2,131.5269231,16,1453.4,10,1966.3,15,2322,11,1097.7,5,2,3,7,9
14806281155,49,128,203,256,3376.5,1241.21,891,56.61434362,7.716808098,979.7408241,21.80729565,18.22194326,6,25,4.166666667,135.06,16,1496.1,9,1880.4,20,2407.6,5,968.9,6,5,5,0,9
14806290095,83,57,439,248,3157.3,1189.09,1554,42.28805814,3.362790108,1154.132677,31.23892838,16.0600647,6,75,12.5,42.09733333,57,1757.7,18,1399.6,56,2381.4,19,775.9,32,14,5,9,15
14806290096,234,64,357,401,3575,1077.11,3719,37.77048842,4.901634211,1022.828257,21.75842005,11.40308773,6,100,16.66666667,35.75,68,1807.8,32,1767.2,79,2074,21,1501,50,10,9,11,20
14806290106,8,19,50,143,2075,723.26,1636,35.91230955,10.92867173,894.7642038,20.14608917,11.26980255,4,28,7,74.10714286,23,1591.5,5,483.5,15,1118.6,13,956.4,10,2,3,3,10
14806290108,192,226,633,916,4041.4,1036.16,3267,46.92066513,5.223567232,894.4431572,19.90685561,9.41682944,6,64,10.66666667,63.146875,46,2447.3,18,1594.1,44,2765.6,20,1275.8,23,5,10,7,19
14806290154,0,15,107,115,1830.6,570.47,944,35.4348905,5.390362628,940.7367658,21.27025381,10.79717186,5,50,10,36.612,42,1459,8,371.6,32,1491,18,339.6,21,6,11,3,9
14806290164,12,10,190,284,2900.6,843.81,3884,36.95228704,4.092687747,967.1832692,18.01004023,9.666638971,6,93,15.5,31.18924731,61,1288.3,32,1612.3,63,2244.1,30,656.5,49,13,11,6,14
14806290516,0,0,828,607,802.1,106.32,2933,21.90519866,1.354510623,980.8497625,16.8989851,2.902240337,6,49,8.166666667,16.36938776,45,625.2,4,176.9,41,730.1,8,72,22,3,8,9,7
14806290546,0,0,7,40,361.2,67.09,224,19.08586472,2.266849571,542.1899554,9.654272985,3.708707979,5,7,1.4,51.6,6,360.3,1,0.9,6,361.1,1,0.1,1,0,2,2,2
14806290774,0,0,56,315,845.2,221.28,1417,27.73228644,2.886813472,814.5147219,21.25779716,5.166802981,5,22,4.4,38.41818182,19,627.4,3,217.8,19,739.7,3,105.5,7,4,2,6,3
14806290896,5,30,202,227,3001.1,621.57,1947,50.36832037,1.932982312,1019.063321,25.47149598,10.16873486,6,62,10.33333333,48.40483871,31,1526.5,31,1474.6,42,2002.3,20,998.8,38,8,3,1,12
14807390971,2,9,82,218,2270.6,726.15,476,44.17219509,9.417963775,776.659612,13.47024827,11.93688102,5,23,4.6,98.72173913,16,741.3,7,1529.3,13,1303.8,10,966.8,11,2,1,4,5
14807391048,4,32,50,90,1497,443.72,632,40.9926249,11.25752576,679.754879,12.35175644,10.69369633,6,15,2.5,99.8,10,846.6,5,650.4,13,1497,2,0,4,1,5,1,4
14807391195,1,30,65,130,2274.7,707.49,644,46.33110231,9.071057133,822.3908195,15.80766123,13.93258445,6,26,4.333333333,87.48846154,20,1325.9,6,948.8,15,1158.7,11,1116,10,5,1,3,7
14807398730,4,7,34,41,436.2,1052.25,162,7.519120593,9.579510829,833.5792823,14.92355518,13.39465888,6,42,7,10.38571429,16,81,26,355.2,33,429.8,9,6.4,29,2,2,2,7
14807399171,0,75,89,247,6043.7,1377.85,982,65.60936409,14.86716798,960.9613466,17.459886,15.09434004,6,49,8.166666667,123.3408163,31,2669.5,18,3374.2,36,4100,13,1943.7,18,4,3,6,18
14807399278,4,1,90,389,4913.3,908.73,896,56.34790168,5.970968255,836.2590837,11.98145154,10.74973515,6,43,7.166666667,114.2627907,22,1909.8,21,3003.5,30,3275.8,13,1637.5,26,3,1,0,13
14807399281,163,214,122,179,5384.5,1200.22,862,66.21419411,14.78656608,912.7772272,4.715981735,14.17649373,6,34,5.666666667,158.3676471,19,2023.3,15,3361.2,22,3615.5,12,1769,15,3,1,1,14
14807399316,259,254,409,294,4633.6,1605.75,1289,51.55670269,26.78059738,953.0809647,21.83976196,18.23989116,5,36,7.2,128.7111111,27,1886.5,9,2747.1,27,3409.8,9,1223.8,8,3,6,5,14
14807399353,0,0,631,731,880.8,406.13,2488,26.73331797,0.296528968,964.7607468,19.27882909,9.819932004,6,55,9.166666667,16.01454545,4,3.9,51,876.9,35,614.4,20,266.4,17,7,19,10,2
14807399970,1,1,200,154,232,86.9,614,12.14301098,0.28211497,840.2873142,13.08610812,4.674402326,6,31,5.166666667,7.483870968,31,232,0,0,19,191.2,12,40.8,6,1,10,9,5
14807406148,0,0,7,104,1235.7,195.42,1027,15.84303839,0.386954954,424.7571026,5.802038603,2.732736933,6,51,8.5,24.22941176,22,325.4,29,910.3,33,859.9,18,375.8,24,5,0,21,1
14807406155,96,13,269,444,2491.3,445.16,951,46.18949,1.731757672,957.3456082,21.35098156,8.6087579,6,50,8.333333333,49.826,15,59.6,35,2431.7,32,1689.5,18,801.8,28,4,0,5,13
14807406156,0,1,55,171,2040.8,349.29,791,43.24798841,1.354626407,835.8938982,10.47966685,7.998026435,6,39,6.5,52.32820513,17,4.5,22,2036.3,28,1336.9,11,703.9,24,3,0,1,11
14807406157,0,0,7,38,660.6,111.02,432,26.9758185,0.475529987,566.9413613,10.95790576,4.727609075,6,23,3.833333333,28.72173913,5,0.3,18,660.3,16,482.1,7,178.5,13,1,0,7,2
14807406159,0,0,38,131,1527.5,262.77,8,35.94440464,1.74580305,787.1685649,17.75953614,7.082201284,5,41,8.2,37.25609756,20,229.9,21,1297.6,28,1307.9,13,219.6,27,6,1,0,7
14807406167,0,1,11,47,1593.7,307.3,635,41.35946457,1.905992807,797.6571429,21.37268841,8.674668166,6,31,5.166666667,51.40967742,5,11.1,26,1582.6,23,1056.9,8,536.8,18,5,2,0,6
14807406325,0,0,10,29,1214.5,226.49,835,25.40954594,1.270614471,747.9574544,11.04733643,5.176751877,6,32,5.333333333,37.953125,7,60.8,25,1153.7,23,686.1,9,528.4,16,2,2,7,5
14807406984,0,0,403,808,3085.3,591.85,1212,52.47863442,1.9186234,1005.407491,25.50912554,10.66620296,6,42,7,73.45952381,22,62.9,20,3022.4,28,1997.4,14,1087.9,27,2,1,3,9
14807406995,8,78,252,72,4174.7,818.53,1690,59.64536724,2.217062093,1111.051551,29.25871676,11.79619038,6,50,8.333333333,83.494,27,2004.7,23,2170,31,2599.4,19,1575.3,22,8,0,0,20
14807407007,6,3,31,83,2237.1,420.13,1313,48.45354791,1.732034903,894.1601147,21.32619165,8.679336609,6,26,4.333333333,86.04230769,11,1021.3,15,1215.8,19,1594.1,7,643,5,6,0,5,10
14807407010,0,0,332,545,2857.1,486.66,1147,51.2632758,2.277794591,951.7318756,23.04882636,8.92983175,6,55,9.166666667,51.94727273,23,1.9,32,2855.2,43,2083.3,12,773.8,40,3,1,0,11
14807407104,8,273,413,218,3056.9,685.26,3810,57.60763775,3.845445254,1020.393999,27.16028369,10.68568467,6,34,5.666666667,89.90882353,24,162.7,10,2894.2,24,1976.1,10,1080.8,21,3,0,0,10
14807407106,0,0,30,33,1721.8,317.19,2845,44.56620093,2.411889296,944.7229984,19.87633622,8.509780439,5,32,6.4,53.80625,15,683.6,17,1038.2,22,1035.1,10,686.7,22,1,0,3,6
14807407107,0,3,12,36,1486.1,259.19,907,38.80546302,1.49326059,748.7098601,16.78427715,7.159560293,6,39,6.5,38.10512821,9,68.5,30,1417.6,26,708.9,13,777.2,23,3,6,2,5
14807407110,2,0,25,80,2043.2,366.15,2058,41.48655217,1.431957284,859.4531756,17.23558004,7.436746598,5,23,4.6,88.83478261,3,319.6,20,1723.6,12,1277.8,11,765.4,6,1,0,3,13
14807407116,1,0,39,64,3844.8,542.87,812,46.29389593,1.204019915,936.3192859,11.73988064,7.183352529,6,68,11.33333333,56.54117647,34,1417.2,34,2427.6,38,2275.9,30,1568.9,35,8,2,0,23
14807407120,1,3,11,34,445.4,123.33,652,13.37730244,1.270064976,629.81224,6.063061992,3.281798376,5,46,9.2,9.682608696,32,94.3,14,351.1,23,433.5,23,11.9,16,9,11,7,3
14807407121,0,12,259,397,2280.8,464.51,3202,36.63998668,1.432067448,882.9800178,17.2222913,7.521669627,6,25,4.166666667,91.232,3,1.9,22,2278.9,16,1173.9,9,1106.9,7,5,0,3,10
14807407127,0,12,80,125,2012.4,398.17,1996,39.93138577,1.203576184,866.8272659,18.47274906,7.706292135,6,32,5.333333333,62.8875,2,48.3,30,1964.1,19,1242.4,13,770,8,5,4,7,8
14807407160,1,15,44,124,3464,619.86,1090,54.85491178,2.507722081,884.5948975,22.23462089,9.092519075,6,62,10.33333333,55.87096774,36,1588.4,26,1875.6,41,1868.2,21,1595.8,47,3,1,0,11
14807407305,0,1,62,125,697.2,149.76,1391,16.40816327,0.17735841,697.1136897,7.718403468,3.945114683,6,38,6.333333333,18.34736842,18,130.4,20,566.8,24,382.7,14,314.5,13,5,7,8,5
14807407323,0,0,13,47,842.8,152.42,925,21.10060189,0.53579513,642.1217756,8.533018057,4.322130267,6,79,13.16666667,10.66835443,23,16.9,56,825.9,46,559.6,33,283.2,48,15,4,12,0
14807407597,10,12,53,255,2053.8,525.68,1510,38.38870575,6.564967867,904.4253261,20.17583489,9.409373656,6,43,7.166666667,47.7627907,38,689.5,5,1364.3,29,1133,14,920.8,25,8,0,2,8
14807407641,0,0,15,36,1776,313.78,735,40.83911987,2.868276415,834.106133,17.59705297,7.812166468,6,30,5,59.2,13,16.6,17,1759.4,22,626.7,8,1149.3,11,10,3,0,6
14807408146,0,0,28,80,1565.7,246.54,1178,26.53882512,0.850472226,740.7164078,7.496070223,4.363801485,6,42,7,37.27857143,10,754.7,32,811,26,825.4,16,740.3,9,10,7,5,11
14807408282,0,0,172,80,389.5,45.54,456,13.69780116,0.751188248,878.9092664,7.871891892,1.514449807,5,41,8.2,9.5,37,180.6,4,208.9,30,254.3,11,135.2,15,8,5,11,2
14807408523,0,1,24,46,1628.9,274.55,379,20.35810509,2.004828104,394.7224269,8.578114843,3.728531961,6,26,4.333333333,62.65,9,9.8,17,1619.1,20,1079,6,549.9,16,1,3,0,6
14807409234,2,0,67,68,2444.5,785.77,0,38.10242277,9.672339504,913.0845404,24.376362,12.62654147,6,68,11.33333333,35.94852941,44,902.3,24,1542.2,60,1435.4,8,1009.1,44,5,5,4,10
14807409306,0,0,34,146,4826.6,716.67,1039,55.26198875,3.566418563,970.3668605,12.63800172,8.56040614,6,40,6.666666667,120.665,16,2387.5,24,2439.1,22,2528.9,18,2297.7,23,2,2,0,13
14807409316,1,0,13,30,2085.9,292.91,855,46.2523436,1.743751039,883.479625,17.30185575,6.946345896,6,47,7.833333333,44.38085106,10,5.3,37,2080.6,30,1139.8,17,946.1,32,2,2,0,11
14807412304,13,60,189,196,4035.1,1261.14,709,56.89127001,8.73772879,908.4571556,32.16532912,17.31230975,6,28,4.666666667,144.1107143,18,1146.1,10,2889,19,3011.6,9,1023.5,8,9,3,1,7
14807412367,6,25,109,367,5793.7,1430.54,918,62.64803742,9.000018177,912.8848564,17.13831158,15.41556571,5,45,9,128.7488889,18,3504.8,27,2288.9,28,3484.3,17,2309.4,18,3,1,6,17
14807414034,0,0,78,168,693.1,114.53,1016,29.60776713,1.992674449,954.6727162,17.73760196,4.098215742,3,10,3.333333333,69.31,7,356.3,3,336.8,10,693.1,0,0,0,0,2,4,4
14807415293,0,38,111,563,4343.6,1564.99,5008,43.72976236,7.963891188,941.3946988,22.03896717,14.74487013,6,49,8.166666667,88.64489796,43,2876.6,6,1467,28,2479.4,21,1864.2,22,7,3,3,14
14807415834,231,80,69,138,2386.5,1019.1,577,54.74444869,11.64577378,1046.29467,25.44372339,19.08288798,6,16,2.666666667,149.15625,8,647.4,8,1739.1,10,1444.4,6,942.1,1,1,5,1,8
14807416731,100,137,146,168,3288,908.88,2066,55.46629213,4.566842467,968.8047454,24.72603395,14.20887521,6,39,6.5,84.30769231,26,112.6,13,3175.4,29,2191.6,10,1096.4,23,6,0,1,9
14807416745,7,22,24,83,3245.2,,2155,46.04780136,9.717224673,839.4164297,25.46265587,14.35116495,6,43,7.166666667,75.46976744,36,1638.8,7,1606.4,24,1963.4,19,1281.8,21,6,4,2,10
14807416827,0,10,27,61,1836.1,601.76,597,39.4742067,12.10022452,777.430686,17.03541925,12.9023666,5,24,4.8,76.50416667,10,289.1,14,1547,19,1547.2,5,288.9,9,4,3,4,4
14807419601,0,0,157,353,2110.6,327.79,832,53.86129536,17.72389057,940.2001113,21.86463822,9.032779221,6,16,2.666666667,131.9125,3,0,13,2110.6,10,1004.2,6,1106.4,10,0,0,0,6
14807421160,0,2,46,70,2239.1,530.51,433,46.25286378,3.217932246,934.2196781,26.66441015,11.01051103,6,29,4.833333333,77.21034483,12,49.8,17,2189.3,16,1321.2,13,917.9,18,1,4,0,6
14807421835,0,8,169,151,2762.1,410.95,539,47.25446836,1.989618089,947.4138255,21.20780121,7.896128287,6,43,7.166666667,64.23488372,21,1.4,22,2760.7,25,1768.2,18,993.9,23,5,0,5,10
14807426497,97,447,368,307,7401.5,1911.22,1953,63.64053342,8.518487231,989.8103243,18.53215089,16.20043018,6,45,7.5,164.4777778,6,2205.9,39,5195.6,33,4941.6,12,2459.9,14,7,3,3,18
14807426637,0,0,50,429,931.3,300.3,5433,11.86976362,0.13730033,763.392717,8.772401205,3.586720818,6,22,3.666666667,42.33181818,15,408.5,7,522.8,19,595.5,3,335.8,0,4,5,2,11
14807426648,0,0,170,106,447.9,65.89,288,27.7434692,3.777160912,869.0815217,20.53550725,3.589356884,2,7,3.5,63.98571429,5,86.6,2,361.3,0,0,7,447.9,1,3,1,1,1
14807426658,11,31,76,51,2201.3,872.88,2421,41.14634483,1.061245957,993.9357931,19.42482759,14.70527586,6,50,8.333333333,44.026,42,1170.1,8,1031.2,41,1813.4,9,387.9,23,6,6,7,8
14807426721,0,0,265,130,442.9,235.35,1178,17.41832964,0.205703224,802.1868995,17.46888396,8.102291205,6,56,9.333333333,7.908928571,12,14.6,44,428.3,27,197.1,29,245.8,28,9,11,7,1
14807426805,0,0,679,441,1684.7,212.84,1595,37.94813071,3.241649884,1375.210937,27.57431004,4.602200677,5,47,9.4,35.84468085,38,1171.1,9,513.6,38,1547.7,9,137,21,6,8,6,6
14807426828,0,0,60,58,477.7,106.8,673,19.23404918,2.165116109,679.0371927,11.47762216,4.431450358,2,23,11.5,20.76956522,17,263.3,6,214.4,23,477.7,0,0,16,3,1,1,2
14807426837,9,17,40,104,1190.2,438.41,862,36.68031643,4.665459564,740.506282,16.30674732,13.16788041,4,21,5.25,56.67619048,17,366.8,4,823.4,21,1190.2,0,0,13,0,5,0,3
14807426872,0,0,252,202,1409.3,203.32,706,39.49654302,6.646477787,1258.403843,29.19772765,5.514369256,6,31,5.166666667,45.46129032,22,348.9,9,1060.4,11,770.2,20,639.1,15,4,5,5,2
14807426927,0,0,1062,482,1031.9,477.36,2124,26.4399668,0.293387876,1082.563814,24.0281446,11.91919956,6,65,10.83333333,15.87538462,65,1031.9,0,0,48,596.8,17,435.1,30,11,10,7,7
14807427005,0,0,132,138,674.4,291.31,1378,21.33988095,1.241511926,765.6327381,17.13849206,8.723501984,5,53,10.6,12.7245283,48,399,5,275.4,52,674.4,1,0,28,10,6,8,1
14807427041,0,0,9,48,307.2,69.96,659,13.52023121,0.499916922,499.8762326,8.595851751,4.689119347,5,23,4.6,13.35652174,20,223.1,3,84.1,18,271.6,5,35.6,8,6,6,3,0
14807427148,0,0,162,67,243.4,100.02,0,9.413871167,0.018848078,785.3185841,10.62276189,4.664869315,4,32,8,7.60625,17,146.8,15,96.6,32,243.4,0,0,2,1,3,16,10
14807427208,0,0,14,64,611.8,174.38,3588,9.541246778,0.137964156,677.752285,4.12716194,2.589096555,6,39,6.5,15.68717949,28,391.9,11,219.9,33,347.2,6,264.6,2,4,11,9,13
14807427246,4,0,774,624,810.5,144.95,2490,25.59569897,0.50226353,1263.065619,19.89490182,3.612831021,6,98,16.33333333,8.270408163,96,805,2,5.5,69,561.9,29,248.6,52,27,12,6,1
14807427248,0,0,534,426,560.8,79.99,621,32.56848253,0.388813471,1179.121192,25.89646795,4.428321809,6,28,4.666666667,20.02857143,6,1.2,22,559.6,19,404.7,9,156.1,11,6,9,2,0
14807427315,0,0,351,300,1756,983.7,2063,27.4601074,0.601931382,1097.780015,26.27575758,14.53499712,6,54,9,32.51851852,25,721.7,29,1034.3,29,1203,25,553,25,3,5,12,9
14807427402,0,0,53,36,148.7,58.75,466,6.510948905,0.032248151,607.1142617,6.61807973,2.924185851,5,27,5.4,5.507407407,25,140.3,2,8.4,25,147,2,1.7,2,2,10,7,6
14807427854,0,0,32,238,681.6,353.71,1945,18.31907514,0.113595533,773.3743738,13.79552987,8.197331407,6,43,7.166666667,15.85116279,43,681.6,0,0,23,350.3,20,331.3,16,7,11,6,3
14807427886,11,63,58,87,1525.6,669.45,3312,38.92996927,7.267215373,891.0409186,17.49493773,13.4207181,6,20,3.333333333,76.28,16,881.3,4,644.3,17,1056.3,3,469.3,8,0,4,2,6
14807427897,0,0,330,128,1453.3,784.66,2179,24.78239124,0.549790278,1161.079645,24.70872889,12.13864301,6,48,8,30.27708333,22,344.4,26,1108.9,27,1091.8,21,361.5,17,1,4,17,9
14807427919,0,0,144,106,655.4,403.78,1414,18.071678,0.124713675,853.9489983,18.6353979,10.321678,6,51,8.5,12.85098039,51,655.4,0,0,34,332.4,17,323,23,11,5,9,3
14807427932,0,8,39,195,2205.1,516.51,1716,42.79196106,6.838405146,928.1775004,20.17597739,10.08274454,6,28,4.666666667,78.75357143,21,848.1,7,1357,21,1716.7,7,488.4,18,0,0,3,7
14807427994,0,0,27,43,356.3,91.49,292,18.40944575,2.66473272,500.0308353,9.452771272,4.857669789,6,24,4,14.84583333,24,356.3,0,0,20,356.2,4,0.1,19,0,1,4,0
14807428018,0,0,3,31,514.9,116.21,377,21.06061568,3.435287408,616.8475087,9.279466836,4.41044113,4,23,5.75,22.38695652,17,159.3,6,355.6,23,514.9,0,0,15,3,1,2,2
14807428021,94,109,563,368,4134.3,1199.72,2513,55.1031815,8.662370944,1183.344793,34.12729485,16.24334145,6,48,8,86.13125,32,2554.9,16,1579.4,33,3080.8,15,1053.5,26,3,4,4,11
14807428026,0,0,14,19,291.9,102.05,455,10.49129663,0.301466233,434.9067496,8.750834813,4.78946714,2,16,8,18.24375,6,60,10,231.9,16,291.9,0,0,6,3,4,2,1
14807428249,0,3,14,56,2649.7,928.7,1130,34.25695841,1.504101907,953.8564398,14.97161604,11.68079691,6,69,11.5,38.40144928,56,2439.4,13,210.3,47,1806.9,22,842.8,19,12,14,11,13
14807428262,0,0,101,89,356.1,114,570,21.65035199,1.129193975,710.8493128,13.40476031,6.365571572,3,9,3,39.56666667,9,356.1,0,0,9,356.1,0,0,3,1,0,4,1
14807428285,0,0,209,124,1189.9,466.45,2783,25.08483563,2.560098847,926.4547796,16.13270717,10.6966899,6,62,10.33333333,19.19193548,41,411.2,21,778.7,40,687.9,22,502,30,11,10,4,7
14807428326,0,1,24,40,1099,321.39,823,29.03145769,8.813680168,806.4810589,16.97013735,8.437738148,4,43,10.75,25.55813953,30,713.9,13,385.1,14,136.6,29,962.4,28,4,6,3,2
14807428418,0,0,99,111,786.3,350.22,1980,20.74721604,0.749703526,832.1034707,16.93964365,8.314532294,6,75,12.5,10.484,33,105.3,42,681,56,609.7,19,176.6,53,5,7,7,3
14807428467,0,3,54,81,386.2,108.13,754,17.98660436,0.422411073,538.5252336,11.57520249,5.477943925,4,35,8.75,11.03428571,34,385,1,1.2,33,375,2,11.2,16,7,9,3,0
14807428520,0,0,78,119,692.2,302.94,1472,18.70629503,0.32069761,812.3563709,16.50413349,7.944321198,6,85,14.16666667,8.143529412,41,254.1,44,438.1,56,418.3,29,273.9,64,6,2,11,2
14807428583,0,0,33,273,1723.8,385.18,1117,32.95535714,6.265259841,884.2733808,15.56876513,7.10999546,4,33,8.25,52.23636364,28,550.5,5,1173.3,19,969.5,14,754.3,14,7,4,1,7
14807428614,1,26,96,224,2249.5,771.83,1529,49.92873764,13.78281352,827.9362275,16.97405468,13.65914049,5,43,8.6,52.31395349,40,1064.8,3,1184.7,26,1566.8,17,682.7,30,2,2,3,6
14807428634,0,3,269,154,379.8,88.71,879,23.27139742,0.479774395,969.0391559,19.95629543,5.573247362,5,49,9.8,7.751020408,47,379.5,2,0.3,39,323.2,10,56.6,25,3,12,9,0
14807428782,0,1,116,87,254.7,49.12,216,23.24564373,0.641321893,871.390517,17.35291406,4.237372407,3,9,3,28.3,9,254.7,0,0,6,248.2,3,6.5,4,0,2,3,0
14807428829,64,21,215,151,1086.5,242.2,372,36.66769777,7.798584616,1277.953432,30.99794277,8.018028801,6,17,2.833333333,63.91176471,15,288.3,2,798.2,9,32.3,8,1054.2,0,1,7,5,4
14807428926,8,0,109,72,475.9,92.34,199,27.81033821,3.982878102,823.1245528,19.32786992,5.510308943,4,19,4.75,25.04736842,14,377.1,5,98.8,16,459.7,3,16.2,7,2,6,3,1
14807428944,155,20,375,364,1264.9,169.34,805,41.09632442,0.890035613,1283.289717,28.09118115,4.866969118,6,59,9.833333333,21.43898305,33,631.6,26,633.3,38,839.7,21,425.2,46,1,0,12,0
14807430017,0,0,333,238,446.9,46.99,1161,24.41903783,0.77596802,1012.855469,16.58519737,2.301223273,5,27,5.4,16.55185185,26,436,1,10.9,26,446.7,1,0.2,13,3,3,7,1
14807431761,0,0,195,246,513.7,49.24,660,23.30328368,0.774009331,852.939751,12.60773677,1.89645398,5,27,5.4,19.02592593,24,451.7,3,62,21,369.1,6,144.6,11,5,4,6,1
14807432048,123,326,253,236,2770,1042.22,3138,49.18127204,8.820856021,1040.696214,23.28276511,17.24202916,6,30,5,92.33333333,15,620.4,15,2149.6,16,1165.6,14,1604.4,11,5,2,1,11
14807433366,0,0,9,145,1718.2,611.42,301,33.80683952,10.91863513,850.9723842,18.16287205,11.4276772,5,20,4,85.91,17,670,3,1048.2,15,1611.9,5,106.3,7,2,3,2,6
14807433735,45,385,218,179,4607.7,1295.82,2028,63.54986873,6.464697743,980.1605806,18.58544883,15.97292687,6,46,7.666666667,100.1673913,30,3744.2,16,863.5,26,2824.9,20,1782.8,24,6,1,4,11
14807433951,0,24,123,315,3959.9,953.88,1489,56.94832819,6.361825965,884.9283194,15.10701367,13.17814843,6,30,5,131.9966667,19,2738.8,11,1221.1,17,2269.1,13,1690.8,14,3,4,1,8
14807435810,0,21,60,83,1727.2,308.35,1009,50.25540853,2.411368961,939.9087377,19.4389414,7.829426591,6,27,4.5,63.97037037,14,763.3,13,963.9,17,1035.2,10,692,20,1,0,1,5
14807435813,3,0,21,78,315.1,66.29,342,13.77960182,0.181646065,473.1166608,5.484037723,3.102724415,6,55,9.166666667,5.729090909,10,0.7,45,314.4,37,199.8,18,115.3,38,6,10,1,0
14807435820,0,0,12,57,1935.6,334.5,611,48.84268341,3.791542527,898.468419,20.72389172,8.202530404,6,29,4.833333333,66.74482759,13,519.8,16,1415.8,20,947.8,9,987.8,16,4,2,1,6
14807435822,2,70,295,220,2896.1,591.45,4109,53.81649575,3.849995333,1071.850698,22.51525202,8.906256819,6,36,6,80.44722222,28,2893.1,8,3,24,1802,12,1094.1,21,3,1,1,10
14807435830,0,26,101,88,1750.9,348.35,1488,48.19833965,2.309215258,787.4930518,18.72737773,7.936464537,5,35,7,50.02571429,15,352.2,20,1398.7,21,702.7,14,1048.2,28,2,0,0,5
14807435832,0,8,37,153,2130.1,367.8,1491,40.17081311,1.222534574,833.1979672,16.01498786,6.953481493,6,32,5.333333333,66.565625,12,1369.2,20,760.9,21,1356.2,11,773.9,13,3,0,5,11
14807435905,0,0,11,21,209.1,42.98,345,8.685995624,0.286002616,469.681984,3.62436178,2.257056893,3,38,12.66666667,5.502631579,31,192.3,7,16.8,21,113.7,17,95.4,18,11,6,3,0
14807435909,44,264,203,165,3974.3,873.77,1591,55.69848156,6.804966994,1108.018541,29.87418655,12.30102779,6,47,7.833333333,84.55957447,24,1940.2,23,2034.1,27,2111.8,20,1862.5,21,5,6,2,13
14807435913,8,16,26,69,1517.4,285.54,975,44.38591082,1.79257039,785.9690465,22.16204934,8.292516603,6,26,4.333333333,58.36153846,3,0.3,23,1517.1,16,769,10,748.4,15,2,3,0,6
14807435917,0,0,10,133,2173.3,368.23,784,43.86788382,1.064599496,842.4717012,3.907651452,7.602838174,6,52,8.666666667,41.79423077,31,672.3,21,1501,33,1304.9,19,868.4,32,4,0,2,14
14807435919,0,0,49,229,1883.3,368.31,1800,33.5755938,0.883882259,840.4068411,14.28058598,6.677200967,6,24,4,78.47083333,1,0.6,23,1882.7,13,1000,11,883.3,6,1,0,5,12
14807435922,1,0,29,62,3014.6,492.94,554,49.85837945,1.990704016,931.4707677,4.060394494,8.701170711,6,46,7.666666667,65.53478261,22,275.2,24,2739.4,29,1919.9,17,1094.7,26,8,1,0,11
14807435924,0,64,98,93,1745.2,325.61,1162,47.49211538,2.309513476,848.965,18.57253846,7.765701923,6,39,6.5,44.74871795,20,352.8,19,1392.4,25,1047.7,14,697.5,33,0,0,0,6
14807435926,0,14,85,159,2094,360.85,18,46.76736053,3.294114444,898.438801,19.00702748,8.323855121,5,26,5.2,80.53846154,17,1090.6,9,1003.4,21,1557,5,537,10,3,3,5,5
14807435927,3,9,65,94,2349.3,440.39,673,50.25474017,1.729606228,1024.383339,24.20400281,9.584857795,6,32,5.333333333,73.415625,5,5.7,27,2343.6,18,1274,14,1075.3,20,3,0,0,9
14807435929,4,37,33,37,2153.9,401.91,1861,37.33183205,2.788080397,798.0236815,17.6106349,7.212203981,6,54,9,39.88703704,36,479,18,1674.9,36,767,18,1386.9,24,11,6,4,9
14807435932,0,30,80,94,2252.5,422.72,1199,41.6508999,1.505448685,940.0112301,20.58075264,8.165937825,6,50,8.333333333,45.05,26,1147.8,24,1104.7,34,1497.6,16,754.9,17,13,4,6,10
14807435935,1,0,33,113,2143.7,390.84,2190,31.64537174,1.42962354,843.6094904,14.17735106,6.171774988,6,54,9,39.69814815,31,98,23,2045.7,42,1235.4,12,908.3,24,9,5,3,13
14807435936,0,1,34,112,1813.3,329.04,1785,32.9831487,0.832522806,777.2672804,13.64356374,6.469878296,6,54,9,33.57962963,24,236.8,30,1576.5,28,800.9,26,1012.4,33,7,2,3,9
14807435978,31,30,41,66,2269.5,405.46,719,51.01268024,1.607107967,891.3658962,23.15039442,9.226068611,6,33,5.5,68.77272727,6,0.5,27,2269,20,1170.5,13,1099,22,0,1,0,10
14807435979,0,0,30,94,674.2,112.95,868,27.85817447,0.801447621,644.6960256,12.55102728,5.029875379,6,26,4.333333333,25.93076923,12,3.4,14,670.8,16,434.9,10,239.3,18,0,0,5,3
14807435981,0,1,5,26,471.4,72.14,270,22.22702857,3.327119887,468.992449,8.121469388,3.692061224,3,28,9.333333333,16.83571429,25,96.5,3,374.9,28,471.4,0,0,21,4,1,1,1
14807435984,0,1,278,617,3062.3,566.64,838,54.7889238,1.920657055,994.5442374,26.88249138,10.76420932,6,31,5.166666667,98.78387097,16,4.4,15,3057.9,18,1663.8,13,1398.5,17,2,1,1,10
14807435985,0,1,238,419,1412.6,226.12,430,45.26552476,1.925939214,866.4911282,19.65908447,7.78995747,6,31,5.166666667,45.56774194,6,8.5,25,1404.1,22,596,9,816.6,24,1,1,0,5
14807435990,0,0,9,10,25.3,12.07,78,2.766376997,0.064380154,379.8846645,2.682939297,1.441853035,3,9,3,2.811111111,9,25.3,0,0,9,25.3,0,0,5,1,1,1,1
14807435995,2,0,9,9,69.2,258.16,46,1.568403063,0.630636572,755.6296227,13.44161375,6.174094135,6,56,9.333333333,1.235714286,18,0.5,38,68.7,34,0.8,22,68.4,32,0,2,20,2
14807435997,0,1,187,386,2123.4,353.17,957,47.77454537,2.241334544,905.2274967,21.50273727,8.586418061,6,38,6.333333333,55.87894737,11,71.8,27,2051.6,26,1309.3,12,814.1,23,2,1,5,7
14807436001,0,3,14,70,710.2,160.45,801,16.17684434,0.799313037,670.2867903,8.55998455,4.122634222,6,49,8.166666667,14.49387755,25,138,24,572.2,25,358.2,24,352,23,6,6,12,2
14807436008,62,48,170,396,1795.8,356.38,1165,51.02043968,2.362024685,947.4502815,25.08422188,10.50873368,6,40,6.666666667,44.895,26,7.1,14,1788.7,26,933,14,862.8,32,1,0,1,6
14807436010,0,0,4,24,2256.7,373.49,417,49.71983656,1.731106052,861.437522,18.44506151,8.026616872,6,34,5.666666667,66.37352941,8,1026.4,26,1230.3,23,1434.7,11,822,22,1,0,0,11
14807436013,0,1,100,212,1830.4,298.52,531,29.32213894,2.240942401,531.5023291,12.19757112,5.274910284,6,26,4.333333333,70.4,2,0.1,24,1830.3,16,865.5,10,964.9,12,3,1,3,7
14807436015,0,27,21,48,2089.1,343.61,522,48.29128738,3.007984354,808.1105169,19.52917409,8.433224401,6,28,4.666666667,74.61071429,7,22.4,21,2066.7,17,1061.1,11,1028,13,2,2,3,8
14807436016,0,0,12,184,2771.5,453.25,1676,44.53444329,1.205197214,897.126766,4.667167855,7.36786779,6,58,9.666666667,47.78448276,38,1297.3,20,1474.2,37,1786.7,21,984.8,36,5,0,0,17
14807436020,0,8,44,123,2027.1,362.14,2232,39.25395827,1.203656649,780.3822257,17.22899536,6.991499227,6,39,6.5,51.97692308,11,943,28,1084.1,26,1288.5,13,738.6,15,3,9,1,11
14807436021,0,0,25,47,985.9,158.3,1640,27.93891657,0.559662364,681.7970979,10.24009674,5.019685611,6,32,5.333333333,30.809375,9,155.8,23,830.1,22,536.8,10,449.1,17,3,1,8,3
14807436022,0,14,31,56,2111.4,355.38,612,45.35091967,3.007942426,769.5336899,17.99091592,8.150788288,6,34,5.666666667,62.1,10,6.2,24,2105.2,23,1358.7,11,752.7,18,3,1,4,8
14807436023,0,2,10,69,1103.9,196.46,1367,31.92821853,0.695379199,577.4200942,11.92111001,5.992827056,6,42,7,26.28333333,10,4.4,32,1099.5,25,734.9,17,369,29,1,0,11,1
14807436025,0,0,7,7,98,22.75,86,5.611633045,0.285800449,364.142171,2.400960615,1.623895293,4,25,6.25,3.92,23,87.2,2,10.8,16,88.2,9,9.8,13,6,4,2,0
14807436027,3,2,16,95,2164.7,371.29,586,48.11398693,3.24076314,930.7918768,22.23200747,8.643127918,6,34,5.666666667,63.66764706,19,6.8,15,2157.9,19,1012.3,15,1152.4,24,4,0,0,6
14807436030,0,2,28,84,2292.8,400.53,620,29.12285496,2.600884969,594.7395537,12.93104354,5.565155327,6,34,5.666666667,67.43529412,9,412.8,25,1880,20,1390.4,14,902.4,20,2,0,4,8
14807437213,6,26,87,101,2797.6,482.73,942,47.77008761,13.92896093,921.8980325,22.58164584,8.81749246,6,60,10,46.62666667,48,1305.3,12,1492.3,36,1804.5,24,993.1,35,11,5,2,7
14807437257,145,223,167,121,4675.8,932.47,2067,61.76586326,13.46217177,1102.201107,31.31647569,12.23080886,6,28,4.666666667,166.9928571,17,1956.9,11,2718.9,23,3665.7,5,1010.1,14,2,0,0,12
14807437514,0,0,25,135,1776.9,291.35,1455,42.86294898,0.9441531,818.703961,17.99411033,7.554375778,6,31,5.166666667,57.31935484,17,849.2,14,927.7,20,1160.8,11,616.1,14,2,0,7,8
14807437521,0,34,89,241,4622.6,1152.08,907,61.58339703,5.745547782,919.5020085,14.73129953,15.59966887,6,31,5.166666667,149.116129,16,2137.1,15,2485.5,19,3077.2,12,1545.4,15,3,0,0,13
14807437547,1,67,109,228,4641.5,1186.13,993,63.15562241,5.74638106,930.3481578,15.29635928,16.12315784,6,25,4.166666667,185.66,15,1996.8,10,2644.7,20,3101.7,5,1539.8,15,3,0,0,7
14807437565,171,236,245,198,6966.6,1683.78,1271,67.10584184,16.83878258,985.354729,13.23178347,16.55977924,6,45,7.5,154.8133333,31,2975.2,14,3991.4,29,4764.9,16,2201.7,15,6,5,3,16
14807437755,7,12,85,89,2528.1,660.96,409,54.18991108,2.884127885,815.503762,14.88679891,14.15689124,6,27,4.5,93.63333333,13,142,14,2386.1,19,1682.3,8,845.8,15,4,1,1,6
14807437811,0,37,96,304,5126.1,1482.35,1947,59.63921597,12.08538819,917.4819564,17.94149112,16.54532424,6,43,7.166666667,119.2116279,26,2767.6,17,2358.5,31,3287.9,12,1838.2,23,4,0,2,14
14807437869,36,147,90,109,3704.6,930.43,725,58.71294234,14.78540647,902.7805162,14.36921646,13.15320274,6,28,4.666666667,132.3071429,12,886.3,16,2818.3,19,1909.9,9,1794.7,11,5,2,3,7
14807437871,121,231,215,133,3047.8,875.55,1843,51.53041636,2.094703839,884.5595325,15.00944729,13.38638909,6,49,8.166666667,62.2,20,0.8,29,3047,30,1939.2,19,1108.6,20,7,3,8,11
14807437875,32,29,96,75,3886.3,943.04,202,53.59211433,5.129363858,830.0980324,14.51717313,13.4901793,6,38,6.333333333,102.2710526,22,3282.5,16,603.8,23,2294.2,15,1592.1,15,4,2,4,13
14807437885,10,24,20,41,635.6,199.97,156,32.42438694,4.716550884,545.4800955,11.83630573,9.568889331,1,6,6,105.9333333,4,359.7,2,275.9,6,635.6,0,0,2,0,1,1,2
14807437969,16,527,300,315,6142.3,1591.28,2282,70.49346066,14.67806037,1028.075842,20.06162102,17.38495778,6,33,5.5,186.130303,23,3321.3,10,2821,19,3355.9,14,2786.4,12,2,4,1,14
14807437998,19,32,106,174,3592.9,894.81,723,62.42806206,11.49394878,933.5541644,17.85182363,15.81991018,5,31,6.2,115.9,15,1640.5,16,1952.4,21,2788.4,10,804.5,15,2,2,2,10
14807438100,3,15,69,230,3177.3,465.03,1876,44.79385188,2.18027552,883.3093521,14.90792125,6.770112179,6,39,6.5,81.46923077,22,1308.7,17,1868.6,27,2316.2,12,861.1,16,3,6,3,11
14807438113,70,12,58,41,2340.4,430.05,690,46.40850061,3.500686667,848.7548048,20.42458816,8.256970714,6,31,5.166666667,75.49677419,15,257.9,16,2082.5,19,1511.9,12,828.5,15,2,2,4,8
14807438254,0,3,61,131,4316.4,685.08,873,59.06353479,5.301233036,1056.959246,27.06385745,10.34020588,6,39,6.5,110.6769231,26,855.1,13,3461.3,28,2875.1,11,1441.3,22,2,2,1,12
14807438265,28,42,36,47,2436.2,446.9,870,46.90049627,3.53056325,934.2416363,21.98940859,8.8038925,6,42,7,58.0047619,23,196.5,19,2239.7,28,1549.8,14,886.4,21,5,4,3,9
14807438345,0,3,13,49,1395,305.49,762,42.63067545,2.244082996,875.3584492,25.90236528,9.167203121,6,34,5.666666667,41.02941176,14,89.6,20,1305.4,24,1114.4,10,280.6,17,8,1,1,7
14807438398,2,4,46,274,5014.6,978.59,1089,54.07363116,5.970508674,834.1144545,12.21665128,11.10440742,6,48,8,104.4708333,24,2524.4,24,2490.2,31,3333.8,17,1680.8,22,8,0,1,17
14807440384,0,29,82,148,5862.1,1327.77,1294,63.05502158,7.351854167,981.1776735,16.52450281,15.27214822,6,46,7.666666667,127.4369565,24,5082.7,22,779.4,31,3910.2,15,1951.9,18,7,4,2,15
14807440395,23,109,75,127,4575.7,1164.67,1337,59.30669167,14.78608608,797.9425851,14.34902866,13.5892287,6,29,4.833333333,157.7827586,15,39.4,14,4536.3,23,3388.9,6,1186.8,13,5,3,1,7
14807441127,0,0,253,212,502.2,282.02,1320,13.2889692,0.234506823,779.1939032,16.0531741,7.862421433,6,60,10,8.37,14,35.9,46,466.3,37,328.7,23,173.5,29,6,15,5,5
14807441256,0,0,170,199,578,235.15,1564,19.22220249,0.236927453,757.0501776,12.1337833,5.995905861,6,43,7.166666667,13.44186047,9,25.2,34,552.8,34,393.7,9,184.3,20,3,10,8,2
14807441939,0,0,59,117,38.1,14.08,564,7.279007519,0.221749527,296.5133083,2.534135338,1.699300752,1,3,3,12.7,3,38.1,0,0,3,38.1,0,0,1,0,1,1,0
14807441953,0,8,23,111,862.7,181.91,1413,14.84139588,0.465188351,718.3201137,6.497739872,3.54681592,6,70,11.66666667,12.32428571,37,360,33,502.7,44,435.4,26,427.3,17,18,16,15,4
14807441967,0,5,21,27,2724,431.71,549,53.33359204,3.795159596,951.700523,21.84741016,9.014408638,6,37,6.166666667,73.62162162,19,37,18,2687,23,1767.4,14,956.6,24,2,1,3,7
14807442456,6,148,118,182,3086,1118.89,1369,50.32688038,9.569370049,906.4049499,19.30177961,15.89824396,5,20,4,154.3,17,2388.8,3,697.2,9,1551.3,11,1534.7,5,2,1,2,10
14807442682,0,0,296,380,1119.4,506.55,2562,24.2963682,0.373156804,912.523698,20.77788945,10.07349246,6,72,12,15.54722222,70,1071.7,2,47.7,55,626.3,17,493.1,29,11,16,11,5
14807442855,0,0,63,38,175.2,79.54,432,12.30785947,0.254231833,639.6997465,10.396523,5.101484969,4,10,2.5,17.52,9,161.4,1,13.8,7,139.6,3,35.6,1,2,5,2,0
14807442871,0,0,586,423,682.4,339.93,11,26.65659038,0.966377421,1119.95741,29.92417085,12.90490148,6,47,7.833333333,14.51914894,17,133.2,30,549.2,24,283.9,23,398.5,25,3,9,7,3
14807442873,3,3,50,220,1327.1,355.53,2026,32.09389497,4.275422032,810.7264799,18.2367044,8.342911486,4,38,9.5,34.92368421,33,569,5,758.1,38,1327.1,0,0,17,4,9,1,7
14807442886,0,0,332,375,537.5,283.25,2159,22.99858457,0.186125572,841.7809625,22.20721868,10.91705591,4,51,12.75,10.53921569,9,6.9,42,530.6,21,219.2,30,318.3,25,5,17,2,2
14807443107,0,2,74,65,3285.8,544.77,458,60.93665145,7.026346461,1219.189532,28.9901312,10.30304478,6,40,6.666666667,82.145,24,2316.6,16,969.2,28,2166.4,12,1119.4,28,0,3,1,8
14807443119,0,2,55,166,4266,1002.76,567,59.67142874,6.239633057,902.0101547,16.36377376,14.49339946,6,30,5,142.2,24,2869.6,6,1396.4,17,2718.2,13,1547.8,10,4,1,1,14
14807443199,1,24,79,185,3033.5,684.81,1113,48.86473691,5.089416655,796.8052746,11.65796953,10.68319037,6,53,8.833333333,57.23584906,26,2344.6,27,688.9,28,2263.2,25,770.3,33,9,0,2,9
14807443253,16,1,567,184,875.1,487.93,3070,19.0675709,0.081623152,1214.597863,18.63325935,9.074730785,6,17,2.833333333,51.47647059,16,864.6,1,10.5,12,574.3,5,300.8,1,1,2,2,11
14807443303,2,22,320,90,2171.9,576,1479,47.49654892,12.47988382,1118.932738,21.44089863,10.86120585,6,52,8.666666667,41.76730769,45,1065.7,7,1106.2,41,2040.8,11,131.1,34,4,4,4,6
14807443315,0,0,441,208,1423.5,479.91,3224,36.54673646,1.055335736,1268.077556,21.92876829,9.807290888,6,33,5.5,43.13636364,31,1300.3,2,123.2,28,1048,5,375.5,13,5,3,6,6
14807443334,0,0,0,1,18.3,10.25,52,1.164414414,0.026795068,123.8628941,1.200225225,0.731109234,3,23,7.666666667,0.795652174,21,18.1,2,0.2,19,17.6,4,0.7,20,2,1,0,0
14807443570,76,81,309,144,5343.1,1018.68,1430,61.59981119,13.28982629,1145.335476,30.25536743,12.2206276,6,28,4.666666667,190.825,11,1844.4,17,3498.7,19,3493.3,9,1849.8,9,1,2,3,13
14807443646,5,15,76,189,5964.2,1353.84,775,62.75961987,7.351928171,947.8046093,16.69286567,15.25957212,6,40,6.666666667,149.105,20,4975.3,20,988.9,31,4002.2,9,1962,17,5,3,3,12
14807443739,9,2,82,79,3395.3,536.82,847,55.16424776,6.833754389,919.3050995,22.16953678,8.978520892,6,38,6.333333333,89.35,23,1846.7,15,1548.6,31,2498.6,7,896.7,25,1,3,1,8
14807443795,50,10,32,37,1028.6,203.01,1250,23.16271186,0.99340545,755.9439522,11.55269646,5.168046995,6,54,9,19.04814815,28,317.5,26,711.1,43,734.7,11,293.9,22,7,10,12,3
14807444180,0,27,123,299,2434.2,467.6,794,53.84804824,6.677253859,1000.488563,25.96357416,10.06329294,5,35,7,69.54857143,23,1029.2,12,1405,19,1264.1,16,1170.1,19,4,3,1,8
14807444695,291,942,392,413,6280.5,2018.37,5187,63.74149311,15.01715773,989.3936119,23.54667775,19.21133513,6,29,4.833333333,216.5689655,13,2275.9,16,4004.6,18,4169.4,11,2111.1,4,4,4,4,13
14807444765,24,29,59,42,1473.1,486.53,375,36.65312998,9.862542241,746.4118904,15.20637264,12.18659413,6,31,5.166666667,47.51935484,18,1203,13,270.1,18,572.7,13,900.4,10,6,10,2,3
14807444804,36,30,155,320,6310,1507.7,839,67.030188,10.26048458,989.4063484,18.40993354,16.51061123,6,43,7.166666667,146.744186,28,2168.2,15,4141.8,28,4227.1,15,2082.9,22,2,1,0,18
14807445025,37,74,132,144,5035.6,1197.66,1137,64.445555,8.298911614,929.7182,17.3406,15.134575,5,40,8,125.89,26,3950.9,14,1084.7,25,3354.1,15,1681.5,16,5,3,2,14
14807445098,106,192,245,279,5933.8,1526.09,2322,62.97304396,7.345438744,962.268172,17.41290992,15.65119285,6,53,8.833333333,111.9584906,24,1762,29,4171.8,40,3820.4,13,2113.4,22,8,7,1,15
14807445156,0,0,14,5,1439.7,240.81,0,45.89395072,2.199649874,857.2931221,21.25415651,8.156512321,6,32,5.333333333,44.990625,13,93.1,19,1346.6,17,863.6,15,576.1,24,2,0,1,5
14807445952,0,2,22,71,857.1,153.32,820,23.89458589,0.610817322,665.4925119,9.587565237,4.557953256,6,54,9,15.87222222,26,372.8,28,484.3,35,656.8,19,200.3,31,11,4,5,3
14807445978,10,7,182,144,3796.1,586.74,521,57.22667775,5.055466223,1086.051707,25.91302569,9.988310111,6,36,6,105.4472222,20,726.4,16,3069.7,25,2533.4,11,1262.7,18,3,3,3,9
14807446014,122,130,244,127,5351.5,1032.08,1251,67.83694866,12.69254603,1236.001686,32.89488477,13.41411842,6,28,4.666666667,191.125,13,2492.9,15,2858.6,18,3652.3,10,1699.2,5,2,3,1,17
14807447071,15,6,49,113,5145.4,1135.82,435,66.47542937,9.624015673,945.9755284,2.018776418,15.32730812,6,28,4.666666667,183.7642857,7,998.4,21,4147,18,2570.5,10,2574.9,16,0,2,1,9
14898834668,1,4,108,99,290.6,73.49,659,20.87371047,0.92858673,902.3591529,17.22262837,4.57886568,1,3,3,96.86666667,2,157.7,1,132.9,3,290.6,0,0,0,0,1,0,2
